source_line,stamp,time_s,mode,result,active,waist_yaw_policy_raw,waist_yaw_q_exec_rad,waist_yaw_q_feedback_rad,waist_yaw_position_error_rad,waist_yaw_position_error_deg,waist_yaw_tau_theoretical_nm,waist_yaw_tau_feedback_nm,waist_yaw_torque_discrepancy_nm,waist_roll_policy_raw,waist_roll_q_exec_rad,waist_roll_q_feedback_rad,waist_roll_position_error_rad,waist_roll_position_error_deg,waist_roll_tau_theoretical_nm,waist_roll_tau_feedback_nm,waist_roll_torque_discrepancy_nm,waist_pitch_policy_raw,waist_pitch_q_exec_rad,waist_pitch_q_feedback_rad,waist_pitch_position_error_rad,waist_pitch_position_error_deg,waist_pitch_tau_theoretical_nm,waist_pitch_tau_feedback_nm,waist_pitch_torque_discrepancy_nm
82,1787109584.9941714,0.0,motion,command_sent,True,0.914,0.228,0.24,-0.011999999999999983,-0.6875493541569869,-1.261,-3.443,2.1820000000000004,0.636,0.159,-0.018,0.177,10.14135297381557,8.958,8.667,0.29100000000000037,-0.911,-0.228,-0.149,-0.07900000000000001,-4.526366581533504,-11.587,-11.383,-0.20400000000000063
83,1787109585.9942105,1.0000391006469727,motion,command_sent,True,2.013,0.503,0.526,-0.02300000000000002,-1.3178029288008946,-3.537,-2.271,-1.266,-0.403,-0.101,0.088,-0.189,-10.828902327972559,-9.197,-9.766,0.5690000000000008,-0.961,-0.24,-0.103,-0.137,-7.849521793292279,-20.574,-20.591,0.01699999999999946
84,1787109586.9941828,2.000011444091797,motion,command_sent,True,2.185,0.546,0.538,0.008000000000000007,0.458366236104659,1.316,1.245,0.07099999999999995,-0.294,-0.074,0.017,-0.091,-5.213915935690491,-4.554,-4.542,-0.012000000000000455,-1.02,-0.255,-0.135,-0.12,-6.875493541569878,-17.816,-16.902,-0.9139999999999979
86,1787109587.9942102,3.0000388622283936,motion,command_sent,True,0.286,0.072,0.088,-0.016,-0.9167324722093172,1.971,2.418,-0.44700000000000006,-0.347,-0.087,-0.013,-0.074,-4.2398876839680915,-1.645,-3.449,1.8039999999999998,-0.217,-0.054,0.03,-0.08399999999999999,-4.812845479098915,-13.323,-18.005,4.681999999999999
88,1787109588.9941783,4.000006914138794,motion,command_sent,True,1.753,0.438,0.397,0.04099999999999998,2.349126960036374,6.022,4.176,1.846,-0.262,-0.065,0.037,-0.10200000000000001,-5.844169510334397,-4.781,-5.237,0.4560000000000004,0.488,0.122,0.355,-0.23299999999999998,-13.34991662654818,-34.551,-32.729,-1.8220000000000027
90,1787109589.994214,5.000042676925659,motion,command_sent,True,1.073,0.268,0.27,-0.0020000000000000018,-0.11459155902616475,0.411,-0.952,1.363,-0.532,-0.133,0.091,-0.224,-12.83425461093044,-12.316,-9.324,-2.992000000000001,-0.65,-0.163,0.018,-0.181,-10.3705360918679,-26.387,-22.787,-3.6000000000000014
91,1787109590.9941888,6.000017404556274,motion,command_sent,True,0.855,0.214,0.225,-0.01100000000000001,-0.6302535746439061,-1.64,-1.538,-0.10199999999999987,-0.222,-0.056,0.072,-0.128,-7.333859777674538,-6.341,-6.387,0.045999999999999375,-0.586,-0.147,0.015,-0.16199999999999998,-9.281916281119335,-24.297,-24.055,-0.24200000000000088
92,1787109591.994229,7.000057697296143,motion,command_sent,True,0.834,0.208,0.22,-0.01200000000000001,-0.6875493541569885,-1.77,-1.978,0.20799999999999996,-0.215,-0.054,0.07,-0.124,-7.104676659622208,-6.153,-6.192,0.03900000000000059,-0.586,-0.147,0.016,-0.16299999999999998,-9.339212060632418,-24.446,-24.261,-0.18500000000000227
93,1787109592.9941704,7.999999046325684,motion,command_sent,True,0.828,0.207,0.22,-0.013000000000000012,-0.7448451336700709,-1.903,-1.832,-0.07099999999999995,-0.216,-0.054,0.07,-0.124,-7.104676659622208,-6.187,-6.24,0.052999999999999936,-0.576,-0.144,0.017,-0.16099999999999998,-9.224620501606253,-24.089,-23.864,-0.22499999999999787
94,1787109593.9942076,9.000036239624023,motion,command_sent,True,0.825,0.206,0.216,-0.010000000000000009,-0.5729577951308238,-1.411,-1.538,0.127,-0.206,-0.051,0.07,-0.121,-6.932789321082961,-6.055,-6.101,0.04600000000000026,-0.572,-0.143,0.017,-0.15999999999999998,-9.16732472209317,-23.919,-23.662,-0.25700000000000145
95,1787109594.994171,9.999999523162842,motion,command_sent,True,0.815,0.204,0.212,-0.008000000000000007,-0.458366236104659,-1.335,-0.806,-0.5289999999999999,-0.293,-0.073,0.081,-0.154,-8.823550045014677,-7.636,-7.893,0.2569999999999997,-0.581,-0.145,0.027,-0.172,-9.854874076250159,-25.814,-25.916,0.10200000000000031
96,1787109595.9942255,11.000054121017456,motion,command_sent,True,0.792,0.198,0.211,-0.012999999999999984,-0.7448451336700692,-2.006,-2.418,0.41200000000000037,-0.223,-0.056,0.07,-0.126,-7.219268218648373,-6.285,-6.321,0.03599999999999959,-0.582,-0.146,0.031,-0.177,-10.14135297381557,-26.513,-26.461,-0.052000000000003155
97,1787109596.9941952,12.00002384185791,motion,command_sent,True,0.242,0.061,0.103,-0.041999999999999996,-2.4064227395494573,-4.334,-3.297,-1.0369999999999995,-0.22,-0.055,0.067,-0.122,-6.990085100596043,-6.073,-5.032,-1.0410000000000004,-0.154,-0.039,0.081,-0.12,-6.875493541569878,-18.64,-23.578,4.937999999999999
98,1787109597.9942384,13.000066995620728,motion,command_sent,True,-0.215,-0.054,-0.057,0.0030000000000000027,0.17188733853924712,0.467,-0.22,0.687,-0.052,-0.013,0.044,-0.056999999999999995,-3.265859432245692,-2.818,-2.856,0.03799999999999981,2.544,0.419,0.425,-0.006000000000000005,-0.34377467707849424,-0.874,-0.744,-0.13
99,1787109598.99418,14.000008583068848,motion,command_sent,True,-0.202,-0.05,-0.056,0.005999999999999998,0.34377467707849385,0.883,0.513,0.37,-0.011,-0.003,0.044,-0.047,-2.6929016371148693,-2.312,-2.387,0.07500000000000018,2.565,0.419,0.425,-0.006000000000000005,-0.34377467707849424,-0.96,-0.904,-0.05599999999999994
100,1787109599.994232,15.000060558319092,motion,command_sent,True,-0.176,-0.044,-0.048,0.0040000000000000036,0.2291831180523295,0.537,0.366,0.17100000000000004,0.053,0.013,0.042,-0.029000000000000005,-1.6615776058793876,-1.415,-1.271,-0.14400000000000013,2.53,0.419,0.427,-0.008000000000000007,-0.458366236104659,-1.253,-0.947,-0.30599999999999994
101,1787109600.9941905,16.000019073486328,motion,command_sent,True,-0.166,-0.041,-0.048,0.006999999999999999,0.4010704565915762,0.952,0.513,0.43899999999999995,0.038,0.01,0.042,-0.032,-1.8334649444186344,-1.618,-1.782,0.16399999999999992,2.529,0.419,0.427,-0.008000000000000007,-0.458366236104659,-1.252,-1.057,-0.19500000000000006
102,1787109601.9942098,17.000038385391235,motion,command_sent,True,-0.165,-0.041,-0.048,0.006999999999999999,0.4010704565915762,0.98,0.952,0.028000000000000025,0.04,0.01,0.042,-0.032,-1.8334649444186344,-1.594,-1.611,0.016999999999999904,2.527,0.419,0.427,-0.008000000000000007,-0.458366236104659,-1.252,-0.961,-0.29100000000000004
103,1787109602.9941766,18.00000524520874,motion,command_sent,True,-0.16,-0.04,-0.045,0.0049999999999999975,0.28647889756541145,0.802,0.366,0.43600000000000005,0.026,0.006,0.045,-0.039,-2.2345354010102105,-1.91,-1.956,0.04600000000000004,2.509,0.419,0.428,-0.009000000000000008,-0.5156620156177414,-1.32,-1.159,-0.16100000000000003
104,1787109603.9942296,19.0000581741333,motion,command_sent,True,-0.147,-0.037,-0.034,-0.0029999999999999957,-0.17188733853924673,-0.177,0.073,-0.25,0.163,0.041,0.061,-0.019999999999999997,-1.1459155902616462,-0.407,-2.019,1.612,2.364,0.419,0.43,-0.01100000000000001,-0.6302535746439061,-1.574,-0.478,-1.096
105,1787109604.9941883,20.000016927719116,motion,command_sent,True,-0.129,-0.032,-0.03,-0.0020000000000000018,-0.11459155902616475,-0.314,-0.366,0.05199999999999999,-0.093,-0.023,0.055,-0.078,-4.469070802020421,-3.91,-3.974,0.06400000000000006,2.408,0.419,0.429,-0.010000000000000009,-0.5729577951308238,-1.538,-1.378,-0.16000000000000014
106,1787109605.9942167,21.00004529953003,motion,command_sent,True,-0.124,-0.031,-0.032,0.0010000000000000009,0.05729577951308237,-0.029,2.125,-2.154,0.012,0.003,0.064,-0.061,-3.4950425502980216,-3.048,-1.33,-1.718,2.336,0.419,0.43,-0.01100000000000001,-0.6302535746439061,-1.71,-1.429,-0.2809999999999999
107,1787109606.994178,22.000006675720215,motion,command_sent,True,-0.11,-0.027,-0.031,0.004,0.2291831180523293,0.658,0.366,0.29200000000000004,0.012,0.003,0.051,-0.047999999999999994,-2.7501974166279513,-2.304,-2.481,0.17700000000000005,2.393,0.419,0.429,-0.010000000000000009,-0.5729577951308238,-1.503,-1.647,0.14400000000000013
108,1787109607.994236,23.000064611434937,motion,command_sent,True,-0.117,-0.029,-0.037,0.007999999999999997,0.4583662361046584,1.191,0.952,0.2390000000000001,0.071,0.018,0.04,-0.022000000000000002,-1.2605071492878113,-1.089,-1.174,0.08499999999999996,2.527,0.419,0.428,-0.009000000000000008,-0.5156620156177414,-1.395,-1.21,-0.18500000000000005
109,1787109608.9941754,24.000004053115845,motion,command_sent,True,-0.12,-0.03,-0.031,0.0010000000000000009,0.05729577951308237,0.241,0.22,0.02099999999999999,0.022,0.006,0.046,-0.04,-2.291831180523293,-2.048,-2.097,0.04899999999999993,2.504,0.419,0.429,-0.010000000000000009,-0.5729577951308238,-1.46,-1.349,-0.11099999999999999
110,1787109609.9942055,25.00003409385681,motion,command_sent,True,-0.125,-0.031,-0.031,0.0,0.0,-0.09,-0.073,-0.017,0.011,0.003,0.048,-0.045,-2.5783100780887045,-2.226,-2.335,0.10899999999999999,2.487,0.419,0.429,-0.010000000000000009,-0.5729577951308238,-1.474,-1.273,-0.20100000000000007
111,1787109610.9941778,26.000006437301636,motion,command_sent,True,-0.123,-0.031,-0.031,0.0,0.0,-0.027,0.22,-0.247,-0.01,-0.002,0.048,-0.05,-2.8647889756541165,-2.489,-2.51,0.020999999999999908,2.493,0.419,0.429,-0.010000000000000009,-0.5729577951308238,-1.474,-1.55,0.07600000000000007
112,1787109611.9942265,27.000055074691772,motion,command_sent,True,-0.123,-0.031,-0.031,0.0,0.0,-0.002,-0.22,0.218,0.006,0.002,0.048,-0.046,-2.635605857601787,-2.288,-2.267,-0.020999999999999908,2.49,0.419,0.429,-0.010000000000000009,-0.5729577951308238,-1.474,-1.27,-0.20399999999999996
113,1787109612.9941823,28.00001096725464,motion,command_sent,True,-0.129,-0.032,-0.031,-0.0010000000000000009,-0.05729577951308237,-0.221,-0.22,-0.0010000000000000009,0.007,0.002,0.048,-0.046,-2.635605857601787,-2.286,-2.299,0.0129999999999999,2.487,0.419,0.429,-0.010000000000000009,-0.5729577951308238,-1.474,-1.182,-0.29200000000000004
114,1787109613.994209,29.000037670135498,motion,command_sent,True,-0.117,-0.029,-0.033,0.004,0.2291831180523293,0.627,0.22,0.40700000000000003,0.024,0.006,0.047,-0.041,-2.3491269600363753,-2.044,-2.166,0.12199999999999989,2.483,0.419,0.429,-0.010000000000000009,-0.5729577951308238,-1.45,-1.354,-0.09599999999999986
115,1787109614.9941785,30.000007152557373,motion,command_sent,True,-0.088,-0.022,-0.045,0.023,1.3178029288008934,3.316,3.004,0.31199999999999983,0.199,0.05,0.033,0.017,0.9740282517223996,0.663,1.009,-0.34599999999999986,2.454,0.419,0.426,-0.007000000000000006,-0.40107045659157664,-1.014,-0.595,-0.41900000000000004
116,1787109615.9942408,31.00006937980652,motion,command_sent,True,-0.197,-0.049,-0.035,-0.013999999999999999,-0.8021409131831524,-2.161,-2.711,0.5499999999999998,0.324,0.081,0.013,0.068,3.8961130068895984,3.466,3.127,0.3390000000000004,2.523,0.419,0.418,0.0010000000000000009,0.05729577951308237,0.149,-0.139,0.28800000000000003
117,1787109616.9941795,32.00000810623169,motion,command_sent,True,-0.168,-0.042,-0.035,-0.006999999999999999,-0.4010704565915762,-1.048,-1.538,0.49,0.405,0.101,0.011,0.09000000000000001,5.15662015617741,4.369,4.567,-0.1980000000000004,2.555,0.419,0.425,-0.006000000000000005,-0.34377467707849424,-0.994,-1.023,0.028999999999999915
118,1787109617.9942293,33.00005793571472,motion,command_sent,True,-0.16,-0.04,-0.027,-0.013000000000000001,-0.7448451336700702,-1.906,-2.271,0.365,0.274,0.069,0.02,0.049,2.807493196141034,2.374,2.566,-0.19199999999999973,2.592,0.419,0.424,-0.0050000000000000044,-0.2864788975654119,-0.731,-0.576,-0.15500000000000003
119,1787109618.9941797,34.00000834465027,motion,command_sent,True,-0.155,-0.039,-0.038,-0.0010000000000000009,-0.05729577951308237,-0.063,-0.073,0.009999999999999995,0.287,0.072,0.021,0.05099999999999999,2.922084755167198,2.523,2.257,0.266,2.603,0.419,0.424,-0.0050000000000000044,-0.2864788975654119,-0.757,-1.025,0.2679999999999999
120,1787109619.9942443,35.000072956085205,motion,command_sent,True,-0.137,-0.034,-0.034,0.0,0.0,0.026,-0.073,0.09899999999999999,0.263,0.066,0.03,0.036000000000000004,2.0626480624709638,1.823,1.475,0.34799999999999986,2.549,0.419,0.427,-0.008000000000000007,-0.458366236104659,-1.179,-1.48,0.30099999999999993
121,1787109620.9941838,36.00001239776611,motion,command_sent,True,-0.144,-0.036,-0.034,-0.001999999999999995,-0.11459155902616434,-0.326,-0.366,0.03999999999999998,0.032,0.008,0.048,-0.04,-2.291831180523293,-1.949,-2.017,0.06799999999999984,2.532,0.419,0.427,-0.008000000000000007,-0.458366236104659,-1.196,-0.809,-0.3869999999999999
122,1787109621.9942088,37.00003743171692,motion,command_sent,True,-0.133,-0.033,-0.031,-0.0020000000000000018,-0.11459155902616475,-0.34,-0.659,0.319,0.026,0.007,0.046,-0.039,-2.2345354010102105,-1.955,-2.024,0.06899999999999995,2.548,0.419,0.428,-0.009000000000000008,-0.5156620156177414,-1.304,-1.164,-0.14000000000000012
123,1787109622.994182,38.00001072883606,motion,command_sent,True,-0.137,-0.034,-0.025,-0.009000000000000001,-0.5156620156177409,-1.369,-1.832,0.4630000000000001,0.08,0.02,0.044,-0.023999999999999997,-1.3750987083139756,-1.262,-0.894,-0.368,2.492,0.419,0.427,-0.008000000000000007,-0.458366236104659,-1.316,-0.665,-0.651
124,1787109623.9942267,39.00005531311035,motion,command_sent,True,-0.18,-0.045,-0.031,-0.013999999999999999,-0.8021409131831524,-2.01,-2.271,0.2610000000000001,0.153,0.038,0.032,0.005999999999999998,0.34377467707849385,0.334,0.129,0.20500000000000002,2.577,0.419,0.421,-0.0020000000000000018,-0.11459155902616475,-0.381,-0.441,0.06
125,1787109624.994241,40.0000696182251,motion,command_sent,True,-0.255,-0.064,-0.033,-0.031,-1.776169164905552,-4.547,-3.883,-0.6639999999999997,0.198,0.049,0.044,0.0050000000000000044,0.2864788975654119,0.455,0.3,0.15500000000000003,2.383,0.419,0.378,0.04099999999999998,2.349126960036374,5.873,4.287,1.5860000000000003
126,1787109625.9942892,41.000117778778076,motion,command_sent,True,-0.23,-0.057,-0.037,-0.020000000000000004,-1.1459155902616467,-3.102,-3.443,0.3410000000000002,0.24,0.06,0.033,0.026999999999999996,1.5469860468532226,1.384,1.104,0.2799999999999998,2.622,0.419,0.426,-0.007000000000000006,-0.40107045659157664,-0.999,-1.039,0.039999999999999925
127,1787109626.9942431,42.00007176399231,motion,command_sent,True,-0.137,-0.034,-0.03,-0.0040000000000000036,-0.2291831180523295,-0.661,-0.366,-0.29500000000000004,0.056,0.014,0.045,-0.031,-1.776169164905552,-1.523,-1.648,0.125,2.568,0.419,0.427,-0.008000000000000007,-0.458366236104659,-1.283,-1.056,-0.22699999999999987
128,1787109627.9942703,43.00009894371033,motion,command_sent,True,-0.113,-0.028,-0.03,0.0019999999999999983,0.11459155902616455,0.226,-0.073,0.299,0.032,0.008,0.052,-0.044,-2.521014298575622,-2.208,-2.128,-0.08000000000000007,2.482,0.419,0.428,-0.009000000000000008,-0.5156620156177414,-1.394,-1.092,-0.3019999999999998
129,1787109628.994257,44.0000855922699,motion,command_sent,True,-0.114,-0.029,-0.03,0.0009999999999999974,0.05729577951308217,0.22,0.513,-0.29300000000000004,0.013,0.003,0.055,-0.052,-2.979380534680281,-2.547,-2.506,-0.04100000000000037,2.434,0.419,0.428,-0.009000000000000008,-0.5156620156177414,-1.416,-1.207,-0.20899999999999985
130,1787109629.994255,45.000083684921265,motion,command_sent,True,-0.122,-0.03,-0.03,0.0,0.0,-0.053,-0.073,0.019999999999999997,-0.033,-0.008,0.055,-0.063,-3.6096341093241864,-3.133,-3.179,0.04599999999999982,2.444,0.419,0.428,-0.009000000000000008,-0.5156620156177414,-1.428,-0.884,-0.5439999999999999
131,1787109630.994254,46.00008273124695,motion,command_sent,True,-0.103,-0.026,-0.03,0.004,0.2291831180523293,0.582,0.073,0.509,0.016,0.004,0.054,-0.05,-2.8647889756541165,-2.502,-2.502,0.0,2.436,0.419,0.428,-0.009000000000000008,-0.5156620156177414,-1.429,-1.027,-0.40200000000000014
132,1787109631.99424,47.00006866455078,motion,command_sent,True,-0.118,-0.03,-0.03,0.0,0.0,0.026,-0.073,0.09899999999999999,-0.033,-0.008,0.055,-0.063,-3.6096341093241864,-3.123,-3.19,0.06699999999999973,2.443,0.419,0.428,-0.009000000000000008,-0.5156620156177414,-1.416,-1.422,0.006000000000000005
133,1787109632.9942524,48.000081062316895,motion,command_sent,True,-0.113,-0.028,-0.029,0.0010000000000000009,0.05729577951308237,0.193,0.366,-0.173,-0.009,-0.002,0.049,-0.051000000000000004,-2.9220847551671985,-2.521,-2.57,0.04899999999999993,2.479,0.419,0.428,-0.009000000000000008,-0.5156620156177414,-1.347,-1.195,-0.1519999999999999
134,1787109633.9942563,49.00008487701416,motion,command_sent,True,-0.104,-0.026,-0.029,0.0030000000000000027,0.17188733853924712,0.515,0.513,0.0020000000000000018,-0.01,-0.003,0.048,-0.051000000000000004,-2.9220847551671985,-2.531,-2.537,0.005999999999999783,2.479,0.419,0.428,-0.009000000000000008,-0.5156620156177414,-1.36,-1.283,-0.07700000000000018
135,1787109634.994248,50.00007653236389,motion,command_sent,True,-0.103,-0.026,-0.029,0.0030000000000000027,0.17188733853924712,0.567,0.366,0.20099999999999996,0.02,0.005,0.049,-0.044000000000000004,-2.5210142985756225,-2.171,-2.266,0.0950000000000002,2.486,0.419,0.428,-0.009000000000000008,-0.5156620156177414,-1.384,-1.271,-0.11299999999999999
136,1787109635.9942496,51.000078201293945,motion,command_sent,True,-0.111,-0.028,-0.029,0.0010000000000000009,0.05729577951308237,0.27,0.073,0.197,-0.003,-0.001,0.054,-0.055,-3.1512678732195276,-2.692,-2.67,-0.02200000000000024,2.466,0.419,0.428,-0.009000000000000008,-0.5156620156177414,-1.432,-0.944,-0.488
137,1787109636.994271,52.000099658966064,motion,command_sent,True,-0.115,-0.029,-0.029,0.0,0.0,0.121,0.513,-0.392,-0.067,-0.017,0.053,-0.07,-4.010704565915763,-3.48,-3.421,-0.05900000000000016,2.477,0.419,0.428,-0.009000000000000008,-0.5156620156177414,-1.42,-1.161,-0.2589999999999999
138,1787109637.994259,53.00008773803711,motion,command_sent,True,-0.107,-0.027,-0.029,0.0020000000000000018,0.11459155902616475,0.395,0.659,-0.264,0.011,0.003,0.052,-0.048999999999999995,-2.8074931961410337,-2.45,-2.472,0.021999999999999797,2.469,0.419,0.428,-0.009000000000000008,-0.5156620156177414,-1.411,-1.289,-0.12200000000000011
139,1787109638.9942613,54.00008988380432,motion,command_sent,True,-0.112,-0.028,-0.029,0.0010000000000000009,0.05729577951308237,0.208,0.22,-0.01200000000000001,-0.022,-0.006,0.053,-0.059,-3.3804509912718568,-2.887,-2.748,-0.1389999999999998,2.469,0.419,0.428,-0.009000000000000008,-0.5156620156177414,-1.41,-1.483,0.07300000000000018
140,1787109639.9942544,55.00008296966553,motion,command_sent,True,-0.107,-0.027,-0.029,0.0020000000000000018,0.11459155902616475,0.402,0.659,-0.257,-0.012,-0.003,0.053,-0.056,-3.20856365273261,-2.758,-2.741,-0.016999999999999904,2.472,0.419,0.428,-0.009000000000000008,-0.5156620156177414,-1.41,-1.124,-0.2859999999999998
141,1787109640.9942513,56.000079870224,motion,command_sent,True,-0.112,-0.028,-0.029,0.0010000000000000009,0.05729577951308237,0.225,0.366,-0.141,-0.005,-0.001,0.053,-0.054,-3.093972093706445,-2.669,-2.677,0.008000000000000007,2.47,0.419,0.428,-0.009000000000000008,-0.5156620156177414,-1.41,-1.3,-0.10999999999999988
142,1787109641.9942493,57.000077962875366,motion,command_sent,True,-0.11,-0.027,-0.029,0.0020000000000000018,0.11459155902616475,0.302,-0.073,0.375,-0.014,-0.004,0.053,-0.056999999999999995,-3.265859432245692,-2.789,-2.841,0.052000000000000046,2.474,0.419,0.428,-0.009000000000000008,-0.5156620156177414,-1.41,-1.04,-0.3699999999999999
143,1787109642.994251,58.00007963180542,motion,command_sent,True,-0.113,-0.028,-0.029,0.0010000000000000009,0.05729577951308237,0.176,0.513,-0.337,-0.015,-0.004,0.053,-0.056999999999999995,-3.265859432245692,-2.8,-2.713,-0.08699999999999974,2.471,0.419,0.428,-0.009000000000000008,-0.5156620156177414,-1.41,-1.392,-0.018000000000000016
144,1787109643.9942498,59.000078439712524,motion,command_sent,True,-0.11,-0.028,-0.029,0.0010000000000000009,0.05729577951308237,0.281,-0.073,0.35400000000000004,-0.008,-0.002,0.053,-0.055,-3.1512678732195276,-2.711,-2.849,0.13800000000000034,2.472,0.419,0.428,-0.009000000000000008,-0.5156620156177414,-1.41,-1.399,-0.010999999999999899
145,1787109644.9942572,60.00008583068848,motion,command_sent,True,-0.119,-0.03,-0.029,-0.0009999999999999974,-0.05729577951308217,-0.056,0.366,-0.422,-0.072,-0.018,0.052,-0.06999999999999999,-4.010704565915762,-3.501,-3.421,-0.08000000000000007,2.474,0.419,0.428,-0.009000000000000008,-0.5156620156177414,-1.398,-1.158,-0.24
146,1787109645.9942505,61.00007915496826,motion,command_sent,True,-0.107,-0.027,-0.029,0.0020000000000000018,0.11459155902616475,0.422,0.073,0.349,-0.033,-0.008,0.052,-0.06,-3.437746770784939,-2.978,-2.876,-0.10200000000000031,2.488,0.419,0.428,-0.009000000000000008,-0.5156620156177414,-1.387,-1.129,-0.258
147,1787109646.9942756,62.00010418891907,motion,command_sent,True,-0.108,-0.027,-0.029,0.0020000000000000018,0.11459155902616475,0.381,0.22,0.161,-0.047,-0.012,0.052,-0.064,-3.666929888837269,-3.159,-3.048,-0.11099999999999977,2.486,0.419,0.428,-0.009000000000000008,-0.5156620156177414,-1.387,-1.227,-0.15999999999999992
148,1787109647.9942546,63.000083208084106,motion,command_sent,True,-0.106,-0.026,-0.029,0.0030000000000000027,0.17188733853924712,0.445,0.073,0.372,-0.01,-0.002,0.052,-0.054,-3.093972093706445,-2.701,-2.676,-0.02499999999999991,2.486,0.419,0.428,-0.009000000000000008,-0.5156620156177414,-1.399,-1.299,-0.10000000000000009
149,1787109648.994254,64.00008273124695,motion,command_sent,True,-0.115,-0.029,-0.029,0.0,0.0,0.099,0.22,-0.121,-0.03,-0.008,0.053,-0.061,-3.4950425502980216,-3.025,-2.942,-0.08299999999999974,2.475,0.419,0.428,-0.009000000000000008,-0.5156620156177414,-1.42,-0.957,-0.46299999999999997
150,1787109649.9942603,65.00008893013,motion,command_sent,True,-0.115,-0.029,-0.03,0.0009999999999999974,0.05729577951308217,0.15,0.513,-0.363,-0.037,-0.009,0.051,-0.06,-3.437746770784939,-2.995,-2.98,-0.015000000000000124,2.487,0.419,0.428,-0.009000000000000008,-0.5156620156177414,-1.402,-1.222,-0.17999999999999994
151,1787109650.9942515,66.00008010864258,motion,command_sent,True,-0.109,-0.027,-0.032,0.005000000000000001,0.28647889756541167,0.741,0.513,0.22799999999999998,0.014,0.004,0.051,-0.047,-2.6929016371148693,-2.347,-2.4,0.052999999999999936,2.477,0.419,0.428,-0.009000000000000008,-0.5156620156177414,-1.39,-1.103,-0.2869999999999999
152,1787109651.9942641,67.00009274482727,motion,command_sent,True,-0.115,-0.029,-0.03,0.0009999999999999974,0.05729577951308217,0.21,0.22,-0.010000000000000009,-0.038,-0.01,0.052,-0.062,-3.552338329811104,-3.054,-3.012,-0.041999999999999815,2.483,0.419,0.428,-0.009000000000000008,-0.5156620156177414,-1.399,-1.136,-0.2630000000000001
153,1787109652.9942646,68.00009322166443,motion,command_sent,True,-0.115,-0.029,-0.031,0.0019999999999999983,0.11459155902616455,0.438,0.366,0.07200000000000001,-0.028,-0.007,0.052,-0.059,-3.3804509912718568,-2.918,-2.944,0.0259999999999998,2.482,0.419,0.428,-0.009000000000000008,-0.5156620156177414,-1.387,-1.132,-0.2550000000000001
154,1787109653.9942536,69.00008225440979,motion,command_sent,True,-0.111,-0.028,-0.03,0.0019999999999999983,0.11459155902616455,0.351,0.073,0.27799999999999997,0.002,0.0,0.052,-0.052,-2.979380534680281,-2.536,-2.568,0.03200000000000003,2.481,0.419,0.428,-0.009000000000000008,-0.5156620156177414,-1.401,-1.023,-0.3780000000000001
155,1787109654.994261,70.00008964538574,motion,command_sent,True,-0.115,-0.029,-0.03,0.0009999999999999974,0.05729577951308217,0.147,0.22,-0.07300000000000001,-0.002,-0.0,0.052,-0.052,-2.979380534680281,-2.586,-2.468,-0.11799999999999988,2.477,0.419,0.428,-0.009000000000000008,-0.5156620156177414,-1.387,-1.108,-0.2789999999999999
156,1787109655.9942536,71.00008225440979,motion,command_sent,True,-0.116,-0.029,-0.03,0.0009999999999999974,0.05729577951308217,0.164,-0.22,0.384,-0.02,-0.005,0.052,-0.056999999999999995,-3.265859432245692,-2.82,-2.84,0.020000000000000018,2.481,0.419,0.428,-0.009000000000000008,-0.5156620156177414,-1.387,-1.037,-0.3500000000000001
157,1787109656.99425,72.0000786781311,motion,command_sent,True,-0.115,-0.029,-0.03,0.0009999999999999974,0.05729577951308217,0.202,0.22,-0.017999999999999988,-0.017,-0.004,0.052,-0.055999999999999994,-3.2085636527326096,-2.774,-2.744,-0.029999999999999805,2.481,0.419,0.428,-0.009000000000000008,-0.5156620156177414,-1.387,-1.301,-0.08600000000000008
158,1787109657.9942513,73.000079870224,motion,command_sent,True,-0.115,-0.029,-0.03,0.0009999999999999974,0.05729577951308217,0.144,0.513,-0.369,-0.026,-0.007,0.052,-0.059,-3.3804509912718568,-2.899,-2.912,0.0129999999999999,2.482,0.419,0.428,-0.009000000000000008,-0.5156620156177414,-1.387,-1.22,-0.16700000000000004
159,1787109658.994252,74.00008058547974,motion,command_sent,True,-0.114,-0.028,-0.031,0.002999999999999999,0.17188733853924693,0.326,-0.22,0.546,-0.028,-0.007,0.052,-0.059,-3.3804509912718568,-2.923,-2.908,-0.015000000000000124,2.482,0.419,0.428,-0.009000000000000008,-0.5156620156177414,-1.387,-1.041,-0.3460000000000001
160,1787109659.9942522,75.00008082389832,motion,command_sent,True,-0.115,-0.029,-0.031,0.0019999999999999983,0.11459155902616455,0.296,-0.073,0.369,-0.022,-0.005,0.052,-0.056999999999999995,-3.265859432245692,-2.841,-2.848,0.006999999999999673,2.484,0.419,0.428,-0.009000000000000008,-0.5156620156177414,-1.387,-1.396,0.008999999999999897
161,1787109660.9942482,76.00007677078247,motion,command_sent,True,-0.118,-0.03,-0.029,-0.0009999999999999974,-0.05729577951308217,-0.027,0.22,-0.247,-0.018,-0.004,0.052,-0.055999999999999994,-3.2085636527326096,-2.781,-2.804,0.022999999999999687,2.485,0.419,0.428,-0.009000000000000008,-0.5156620156177414,-1.401,-0.945,-0.45600000000000007
162,1787109661.994253,77.00008153915405,motion,command_sent,True,-0.112,-0.028,-0.032,0.004,0.2291831180523293,0.688,0.22,0.46799999999999997,-0.018,-0.005,0.051,-0.055999999999999994,-3.2085636527326096,-2.765,-2.744,-0.020999999999999908,2.48,0.419,0.428,-0.009000000000000008,-0.5156620156177414,-1.402,-1.3,-0.10199999999999987
163,1787109662.9942493,78.00007796287537,motion,command_sent,True,-0.114,-0.028,-0.032,0.004,0.2291831180523293,0.601,0.22,0.381,-0.011,-0.003,0.05,-0.053000000000000005,-3.0366763141933633,-2.606,-2.606,0.0,2.476,0.419,0.428,-0.009000000000000008,-0.5156620156177414,-1.356,-1.289,-0.06700000000000017
164,1787109663.994254,79.00008273124695,motion,command_sent,True,-0.115,-0.029,-0.033,0.004,0.2291831180523293,0.637,0.22,0.41700000000000004,0.048,0.012,0.044,-0.032,-1.8334649444186344,-1.573,-1.437,-0.1359999999999999,2.504,0.419,0.427,-0.008000000000000007,-0.458366236104659,-1.285,-0.687,-0.5979999999999999
165,1787109664.994254,80.00008273124695,motion,command_sent,True,-0.117,-0.029,-0.033,0.004,0.2291831180523293,0.595,0.366,0.22899999999999998,0.062,0.015,0.044,-0.028999999999999998,-1.6615776058793872,-1.393,-1.369,-0.02400000000000002,2.511,0.419,0.427,-0.008000000000000007,-0.458366236104659,-1.273,-0.684,-0.5889999999999999
167,1787109665.9942534,81.00008201599121,motion,command_sent,True,-0.107,-0.027,-0.02,-0.006999999999999999,-0.4010704565915762,0.003,-2.125,2.128,-0.292,-0.073,0.01,-0.08299999999999999,-4.755549699585832,-3.624,-3.647,0.022999999999999687,1.53,0.383,0.427,-0.043999999999999984,-2.521014298575621,-6.455,-4.868,-1.5869999999999997
169,1787109666.9942575,82.00008606910706,motion,command_sent,True,2.2,0.55,0.555,-0.0050000000000000044,-0.2864788975654119,-0.623,-0.366,-0.257,0.232,0.058,0.025,0.033,1.8907607239317168,1.591,1.539,0.052000000000000046,1.277,0.319,0.425,-0.10599999999999998,-6.073352628386726,-15.832,-15.604,-0.22800000000000153
171,1787109667.9942534,83.00008201599121,motion,command_sent,True,0.451,0.113,0.171,-0.05800000000000001,-3.3231552117587753,-6.064,-4.762,-1.3020000000000005,-0.152,-0.038,0.096,-0.134,-7.677634454753032,-6.185,-6.958,0.7730000000000006,2.282,0.419,0.429,-0.010000000000000009,-0.5729577951308238,-1.433,-1.54,0.10699999999999998
173,1787109668.9942477,84.00007629394531,motion,command_sent,True,-0.4,-0.1,0.085,-0.185,-10.599719209920229,-20.436,-26.593,6.157,-0.753,-0.188,0.052,-0.24,-13.750987083139757,-12.079,-6.922,-5.157000000000001,1.413,0.353,0.428,-0.07500000000000001,-4.297183463481175,-11.221,-3.122,-8.099
175,1787109669.9942648,85.00009346008301,motion,command_sent,True,1.908,0.477,0.46,0.01699999999999996,0.9740282517223972,0.265,0.513,-0.248,-0.058,-0.014,0.098,-0.112,-6.41712730546522,-5.663,-5.738,0.07500000000000018,1.253,0.313,0.426,-0.11299999999999999,-6.4744230849783015,-16.858,-16.898,0.03999999999999915
177,1787109670.9942524,86.0000810623169,motion,command_sent,True,0.958,0.239,0.253,-0.014000000000000012,-0.8021409131831533,-1.218,0.366,-1.584,-0.181,-0.045,0.1,-0.14500000000000002,-8.307888029396938,-7.097,-7.468,0.37099999999999955,1.526,0.382,0.427,-0.044999999999999984,-2.5783100780887036,-6.831,-6.894,0.06299999999999972
178,1787109671.9942555,87.00008416175842,motion,command_sent,True,-0.128,-0.032,-0.028,-0.004,-0.2291831180523293,-0.53,-0.806,0.276,0.012,0.003,0.057,-0.054,-3.093972093706445,-2.707,-2.879,0.17200000000000015,2.488,0.419,0.428,-0.009000000000000008,-0.5156620156177414,-1.394,-1.145,-0.2489999999999999
179,1787109672.9942555,88.00008416175842,motion,command_sent,True,-0.156,-0.039,-0.029,-0.009999999999999998,-0.5729577951308231,-1.427,-0.806,-0.621,-0.087,-0.022,0.057,-0.079,-4.5263665815335035,-3.905,-3.937,0.03200000000000003,2.415,0.419,0.429,-0.010000000000000009,-0.5729577951308238,-1.465,-1.292,-0.17300000000000004
180,1787109673.994246,89.00007462501526,motion,command_sent,True,-0.142,-0.036,-0.03,-0.005999999999999998,-0.34377467707849385,-0.823,-1.245,0.42200000000000015,-0.007,-0.002,0.052,-0.054,-3.093972093706445,-2.688,-2.641,-0.04700000000000015,2.454,0.419,0.428,-0.009000000000000008,-0.5156620156177414,-1.423,-1.209,-0.21399999999999997
181,1787109674.994181,90.00000953674316,motion,command_sent,True,-0.175,-0.044,-0.038,-0.005999999999999998,-0.34377467707849385,-0.73,-0.22,-0.51,-0.038,-0.009,0.045,-0.054,-3.093972093706445,-2.724,-2.667,-0.057000000000000384,2.503,0.419,0.428,-0.009000000000000008,-0.5156620156177414,-1.294,-1.101,-0.19300000000000006
184,1787109675.9942274,91.00005602836609,motion,command_sent,True,1.569,0.392,0.392,0.0,0.0,-6.32,-6.081,-0.23899999999999988,-0.114,-0.029,0.055,-0.084,-4.8128454790989155,-5.409,-5.378,-0.030999999999999694,2.032,0.419,0.424,-0.0050000000000000044,-0.2864788975654119,-0.784,0.077,-0.861
186,1787109676.9942756,92.00010418891907,motion,command_sent,True,1.953,0.488,0.411,0.07700000000000001,4.4117750225073395,7.631,9.451,-1.8200000000000003,0.836,0.209,-0.131,0.33999999999999997,19.480565034447988,18.45,17.687,0.7629999999999981,0.478,0.12,0.382,-0.262,-15.01149423242757,-38.82,-35.698,-3.122
187,1787109677.9942548,93.00008344650269,motion,command_sent,True,-0.157,-0.039,-0.032,-0.006999999999999999,-0.4010704565915762,-0.78,-0.22,-0.56,0.151,0.038,0.043,-0.0049999999999999975,-0.28647889756541145,-0.251,-0.427,0.176,2.743,0.419,0.426,-0.007000000000000006,-0.40107045659157664,-1.165,-1.181,0.016000000000000014
189,1787109678.9942398,94.0000684261322,motion,command_sent,True,-0.692,-0.173,-0.043,-0.13,-7.448451336700702,-19.422,-3.59,-15.832,0.102,0.025,0.022,0.0030000000000000027,0.17188733853924712,0.258,4.598,-4.34,2.622,0.419,0.426,-0.007000000000000006,-0.40107045659157664,-1.012,-1.066,0.05400000000000005
191,1787109679.9942696,95.00009822845459,motion,command_sent,True,0.641,0.16,0.096,0.064,3.666929888837269,5.24,2.857,2.383,0.017,0.004,-0.03,0.034,1.9480565034447992,0.288,-0.087,0.375,1.658,0.414,0.427,-0.013000000000000012,-0.7448451336700709,-2.028,-1.251,-0.7770000000000001
193,1787109680.9942548,96.00008344650269,motion,command_sent,True,1.362,0.341,0.291,0.050000000000000044,2.8647889756541187,1.539,1.245,0.2939999999999998,1.259,0.315,-0.145,0.45999999999999996,26.356058576017865,25.594,23.234,2.3599999999999994,-0.026,-0.006,0.296,-0.302,-17.303325412950862,-43.589,-36.194,-7.394999999999996
194,1787109681.994206,97.00003457069397,motion,command_sent,True,0.066,0.016,0.044,-0.027999999999999997,-1.6042818263663048,-3.44,-3.004,-0.43599999999999994,0.149,0.037,0.03,0.006999999999999999,0.4010704565915762,0.254,0.399,-0.14500000000000002,2.127,0.419,0.426,-0.007000000000000006,-0.40107045659157664,-1.004,-0.615,-0.389
195,1787109682.9942532,98.00008177757263,motion,command_sent,True,-0.206,-0.052,-0.024,-0.027999999999999997,-1.6042818263663048,-4.052,-3.883,-0.1689999999999996,0.522,0.13,0.02,0.11,6.302535746439055,5.562,5.208,0.3540000000000001,2.483,0.419,0.425,-0.006000000000000005,-0.34377467707849424,-0.969,-1.065,0.09599999999999997
196,1787109683.994242,99.00007057189941,motion,command_sent,True,-0.206,-0.051,-0.025,-0.025999999999999995,-1.4896902673401402,-3.949,-3.883,-0.06599999999999984,0.515,0.129,0.02,0.109,6.245239966925973,5.468,5.107,0.36099999999999977,2.478,0.419,0.425,-0.006000000000000005,-0.34377467707849424,-0.981,-0.977,-0.0040000000000000036
197,1787109684.9941885,100.0000171661377,motion,command_sent,True,-0.206,-0.051,-0.026,-0.024999999999999998,-1.432394487827058,-3.845,-3.59,-0.25500000000000034,0.515,0.129,0.02,0.109,6.245239966925973,5.464,5.104,0.3600000000000003,2.478,0.419,0.425,-0.006000000000000005,-0.34377467707849424,-0.969,-1.333,0.364
198,1787109685.99421,101.00003862380981,motion,command_sent,True,-0.204,-0.051,-0.026,-0.024999999999999998,-1.432394487827058,-3.779,-3.883,0.10400000000000009,0.518,0.129,0.02,0.109,6.245239966925973,5.49,5.207,0.28300000000000036,2.481,0.419,0.425,-0.006000000000000005,-0.34377467707849424,-0.969,-1.063,0.09399999999999997
200,1787109686.9941843,102.00001287460327,motion,command_sent,True,-1.375,-0.344,-0.171,-0.17299999999999996,-9.91216985576324,-23.439,-19.853,-3.5859999999999985,-0.486,-0.121,0.132,-0.253,-14.495832216809827,-7.184,-11.067,3.883,2.09,0.419,0.427,-0.008000000000000007,-0.458366236104659,-0.989,-2.571,1.5820000000000003
202,1787109687.9942334,103.00006198883057,motion,command_sent,True,0.762,0.19,0.162,0.027999999999999997,1.6042818263663048,4.146,2.125,2.021,-0.497,-0.124,0.142,-0.266,-15.2406773504799,-11.926,-15.352,3.426,2.069,0.419,0.429,-0.010000000000000009,-0.5729577951308238,-1.476,-2.184,0.7080000000000002
204,1787109688.9941707,103.99999928474426,motion,command_sent,True,1.125,0.281,0.255,0.026000000000000023,1.4896902673401418,5.087,7.985,-2.8980000000000006,0.605,0.151,-0.021,0.172,9.854874076250159,8.029,6.37,1.6589999999999998,1.262,0.315,0.422,-0.10699999999999998,-6.130648407899808,-15.9,-19.1,3.200000000000001
205,1787109689.9942305,105.00005912780762,motion,command_sent,True,-0.456,-0.114,-0.108,-0.006000000000000005,-0.34377467707849424,-0.79,-1.099,0.30899999999999994,0.021,0.005,0.011,-0.005999999999999999,-0.3437746770784939,-0.183,-0.546,0.36300000000000004,2.106,0.419,0.426,-0.007000000000000006,-0.40107045659157664,-1.0,-0.811,-0.18899999999999995
206,1787109690.9941652,105.99999380111694,motion,command_sent,True,-0.364,-0.091,-0.08,-0.010999999999999996,-0.6302535746439053,-1.725,-1.538,-0.18700000000000006,0.33,0.083,-0.006,0.08900000000000001,5.0993243766643275,4.53,4.139,0.391,2.515,0.419,0.426,-0.007000000000000006,-0.40107045659157664,-1.103,-1.546,0.44300000000000006
207,1787109691.9942243,107.00005292892456,motion,command_sent,True,-0.393,-0.098,-0.09,-0.008000000000000007,-0.458366236104659,-1.164,-1.392,0.22799999999999998,0.227,0.057,-0.002,0.059000000000000004,3.380450991271857,2.976,2.678,0.29800000000000004,2.363,0.419,0.426,-0.007000000000000006,-0.40107045659157664,-1.055,-1.08,0.025000000000000133
208,1787109692.9941745,108.00000309944153,motion,command_sent,True,-0.404,-0.101,-0.086,-0.015000000000000013,-0.8594366926962356,-2.257,-1.978,-0.27900000000000014,0.225,0.056,-0.005,0.061,3.4950425502980216,3.059,2.883,0.17600000000000016,2.432,0.419,0.426,-0.007000000000000006,-0.40107045659157664,-1.08,-0.907,-0.17300000000000004
209,1787109693.99423,109.00005865097046,motion,command_sent,True,-0.39,-0.097,-0.086,-0.01100000000000001,-0.6302535746439061,-1.69,-1.099,-0.591,0.241,0.06,-0.005,0.065,3.724225668350351,3.262,3.052,0.20999999999999996,2.448,0.419,0.426,-0.007000000000000006,-0.40107045659157664,-1.08,-0.998,-0.08200000000000007
211,1787109694.994173,110.00000166893005,motion,command_sent,True,0.441,0.11,-0.119,0.22899999999999998,13.120733508495851,31.983,26.154,5.829000000000001,0.513,0.128,-0.079,0.20700000000000002,11.860226359208042,13.212,5.683,7.529,2.891,0.419,0.429,-0.010000000000000009,-0.5729577951308238,-2.104,-5.548,3.444
214,1787109695.9942298,111.00005841255188,motion,command_sent,True,1.195,0.299,0.303,-0.0040000000000000036,-0.2291831180523295,11.994,-10.623,22.616999999999997,0.082,0.02,0.101,-0.081,-4.640958140559668,-3.416,-4.666,1.2500000000000004,0.801,0.2,0.425,-0.22499999999999998,-12.891550390443522,-33.593,-18.417,-15.176000000000002
215,1787109696.9941745,112.00000309944153,motion,command_sent,True,-0.067,-0.017,0.001,-0.018000000000000002,-1.0313240312354819,-0.954,-1.392,0.43799999999999994,0.396,0.099,0.015,0.084,4.8128454790989155,4.442,4.971,-0.5289999999999999,2.621,0.419,0.426,-0.007000000000000006,-0.40107045659157664,-1.025,-1.54,0.5150000000000001
216,1787109697.9942098,113.00003838539124,motion,command_sent,True,-0.441,-0.11,-0.1,-0.009999999999999995,-0.5729577951308229,-1.553,-1.978,0.42500000000000004,0.32,0.08,0.014,0.066,3.7815214478634336,3.312,3.079,0.23299999999999965,2.644,0.419,0.426,-0.007000000000000006,-0.40107045659157664,-1.049,-0.853,-0.19599999999999995
218,1787109698.9941864,114.00001502037048,motion,command_sent,True,-0.04,-0.01,-0.011,0.0009999999999999992,0.057295779513082276,1.004,11.062,-10.058,-0.239,-0.06,0.188,-0.248,-14.209353319244416,-14.99,-12.877,-2.1129999999999995,1.73,0.419,0.425,-0.006000000000000005,-0.34377467707849424,-0.915,0.797,-1.7120000000000002
220,1787109699.9942214,115.00005006790161,motion,command_sent,True,1.427,0.357,0.371,-0.014000000000000012,-0.8021409131831533,-2.631,-3.004,0.3730000000000002,0.031,0.008,0.051,-0.043,-2.4637185190625397,-2.617,-3.136,0.5190000000000001,1.573,0.393,0.427,-0.033999999999999975,-1.9480565034447976,-5.144,-4.005,-1.1390000000000002
222,1787109700.9941726,116.0000011920929,motion,command_sent,True,1.76,0.44,0.298,0.14200000000000002,8.13600069085769,20.502,18.974,1.5279999999999987,0.479,0.12,-0.096,0.216,12.37588837482578,10.523,11.075,-0.5519999999999996,1.184,0.296,0.424,-0.128,-7.333859777674538,-19.448,-19.763,0.3150000000000013
223,1787109701.994211,117.00003957748413,motion,command_sent,True,-0.335,-0.084,-0.078,-0.006000000000000005,-0.34377467707849424,-0.899,-1.099,0.19999999999999996,0.272,0.068,0.018,0.05,2.8647889756541165,2.59,1.819,0.7709999999999999,1.808,0.419,0.425,-0.006000000000000005,-0.34377467707849424,-0.954,-1.31,0.3560000000000001
225,1787109702.9941804,118.000009059906,motion,command_sent,True,0.966,0.242,0.268,-0.026000000000000023,-1.4896902673401418,-7.197,-1.245,-5.952,0.493,0.123,0.231,-0.10800000000000001,-6.187944187412891,-5.999,-7.037,1.0380000000000003,1.933,0.419,0.422,-0.0030000000000000027,-0.17188733853924712,-0.504,-0.491,-0.013000000000000012
227,1787109703.9942095,119.00003814697266,motion,command_sent,True,0.16,0.04,0.186,-0.146,-8.365183808910018,-25.824,-11.795,-14.029000000000002,-1.004,-0.251,0.217,-0.46799999999999997,-26.814424812122525,-22.242,-24.844,2.6020000000000003,0.745,0.186,0.404,-0.21800000000000003,-12.490479933851947,-31.791,-22.592,-9.199000000000002
229,1787109704.9941754,120.00000405311584,motion,command_sent,True,2.405,0.601,0.228,0.373,21.371325758379708,48.887,32.454,16.433,-0.922,-0.231,0.008,-0.23900000000000002,-13.693691303626677,-10.047,-5.74,-4.307,-1.128,-0.282,-0.03,-0.252,-14.438536437296746,-37.973,-32.774,-5.198999999999998
230,1787109705.9942117,121.00004029273987,motion,command_sent,True,1.356,0.339,0.156,0.18300000000000002,10.485127650894066,25.364,20.879,4.484999999999999,-0.257,-0.064,-0.226,0.162,9.281916281119337,7.892,7.768,0.12400000000000055,-0.587,-0.147,-0.109,-0.03799999999999999,-2.1772396214971277,-5.683,-6.524,0.8410000000000002
231,1787109706.994183,122.00001168251038,motion,command_sent,True,1.534,0.384,0.408,-0.023999999999999966,-1.3750987083139738,1.009,4.469,-3.4600000000000004,-0.049,-0.012,-0.274,0.262,15.01149423242757,12.69,12.45,0.2400000000000002,-0.146,-0.037,-0.015,-0.022,-1.260507149287811,-3.494,-8.48,4.986000000000001
